日付,売上,伝票数,客数,降水量mm
2026/08/01,163500,60,132,0.0
2026/08/03,170750,83,153,0.0
2026/08/04,155400,68,135,0.0
2026/08/05,193050,85,170,0.5
2026/08/06,149450,65,130,0.0
2026/08/07,134950,57,119,33.1
2026/08/08,142150,55,120,0.0
2026/08/10,162300,67,139,0.0
2026/08/11,147350,56,124,0.0
2026/08/12,161500,77,144,0.0
2026/08/17,163400,73,145,0.0
2026/08/18,166850,80,143,0.0
2026/08/19,147950,69,124,0.0
2026/08/20,152000,66,134,0.0
2026/08/21,149000,65,127,1.1
2026/08/22,135100,56,114,0.0
2026/08/24,186800,83,162,0.0
2026/08/25,167000,79,135,0.0
2026/08/26,140250,66,126,5.3
2026/08/27,134500,68,122,0.0
2026/08/28,139000,58,121,22.5
2026/08/29,158750,67,133,0.0
2026/08/31,144600,70,128,3.0
2026/09/01,160600,73,131,0.0
2026/09/02,152220,66,125,0.0
2026/09/03,100540,50,90,26.0
2026/09/04,187320,77,151,0.0
2026/09/05,136960,60,107,0.0
2026/09/07,193840,81,159,0.0
2026/09/08,140960,65,123,15.4
2026/09/09,178310,74,144,0.0
2026/09/10,142680,61,120,14.7
2026/09/11,157580,67,124,8.1
2026/09/12,155740,58,117,0.0
2026/09/14,175610,74,138,0.0
2026/09/15,167230,67,136,0.0
2026/09/16,164320,74,129,0.0
2026/09/17,161950,72,128,0.0
2026/09/18,141770,57,115,6.5
2026/09/19,145260,62,112,0.0
2026/09/21,115050,45,89,15.1
2026/09/22,92830,38,72,32.7
2026/09/23,146820,55,112,0.0
2026/09/24,176490,79,145,0.0
2026/09/25,184750,81,151,0.0
2026/09/26,156530,61,116,0.0
2026/09/28,176750,71,134,0.0
2026/09/29,168590,68,132,4.9
2026/09/30,154530,72,133,0.0
