伝票番号,明細番号,来店日時,卓番,客数,担当者,商品コード,商品名,カテゴリ,単価,数量,小計,取消区分,支払方法,伝票合計
20260912-0001,1,2026/09/12 11:10,T7,1,佐藤,A002,生姜焼き定食,定食,1000,1,"1,000",0,現金,"1,000"
20260912-0002,1,2026/09/12 11:28,T6,2,高橋,L901,さんま定食,定食,1100,2,"2,200",0,クレジットカード,"2,300"
20260912-0002,2,2026/09/12 11:28,T6,2,高橋,D001,ご飯大盛,サイド,100,1,100,0,クレジットカード,"2,300"
20260912-0003,1,2026/09/12 11:39,C5,1,高橋,A003,さば味噌定食,定食,1000,1,"1,000",0,現金,"1,100"
20260912-0003,2,2026/09/12 11:39,C5,1,高橋,D001,ご飯大盛,サイド,100,1,100,0,現金,"1,100"
20260912-0004,1,2026/09/12 11:44,C2,1,鈴木,A002,生姜焼き定食,定食,1000,1,"1,000",0,現金,"1,250"
20260912-0004,2,2026/09/12 11:44,C2,1,鈴木,F003,ウーロン茶,ドリンク,250,1,250,0,現金,"1,250"
20260912-0005,1,2026/09/12 11:47,T6,2,鈴木,A002,生姜焼き定食,定食,1000,1,"1,000",0,クレジットカード,"2,000"
20260912-0005,2,2026/09/12 11:47,T6,2,鈴木,A003,さば味噌定食,定食,1000,1,"1,000",0,クレジットカード,"2,000"
20260912-0006,1,2026/09/12 11:54,C6,1,高橋,B002,カツ丼,丼,950,1,950,0,QRコード決済,"1,050"
20260912-0006,2,2026/09/12 11:54,C6,1,高橋,D001,ご飯大盛,サイド,100,1,100,0,QRコード決済,"1,050"
20260912-0007,1,2026/09/12 11:55,T6,2,佐藤,A005,日替わり定食,定食,900,1,900,0,現金,"2,000"
20260912-0007,2,2026/09/12 11:55,T6,2,佐藤,L901,さんま定食,定食,1100,1,"1,100",0,現金,"2,000"
20260912-0008,1,2026/09/12 12:08,T7,1,佐藤,A004,ハンバーグ定食,定食,1000,1,"1,000",0,現金,"1,000"
20260912-0009,1,2026/09/12 12:15,T7,2,佐藤,A005,日替わり定食,定食,900,1,900,0,現金,"2,100"
20260912-0009,2,2026/09/12 12:15,T7,2,佐藤,L901,さんま定食,定食,1100,1,"1,100",0,現金,"2,100"
20260912-0009,3,2026/09/12 12:15,T7,2,佐藤,D001,ご飯大盛,サイド,100,1,100,0,現金,"2,100"
20260912-0010,1,2026/09/12 12:18,T5,2,佐藤,A001,からあげ定食,定食,950,1,950,0,QRコード決済,"1,850"
20260912-0010,2,2026/09/12 12:18,T5,2,佐藤,A005,日替わり定食,定食,900,1,900,0,QRコード決済,"1,850"
20260912-0011,1,2026/09/12 12:23,T6,2,高橋,A003,さば味噌定食,定食,1000,1,"1,000",0,現金,"2,100"
20260912-0011,2,2026/09/12 12:23,T6,2,高橋,L901,さんま定食,定食,1100,1,"1,100",0,現金,"2,100"
20260912-0012,1,2026/09/12 12:24,T7,2,高橋,C001,ざるそば,麺,750,1,750,0,QRコード決済,"1,750"
20260912-0012,2,2026/09/12 12:24,T7,2,高橋,A004,ハンバーグ定食,定食,1000,1,"1,000",0,QRコード決済,"1,750"
20260912-0013,1,2026/09/12 12:26,T7,1,佐藤,C001,ざるそば,麺,750,1,750,0,現金,750
20260912-0014,1,2026/09/12 12:29,T8,1,佐藤,A005,日替わり定食,定食,900,1,900,0,QRコード決済,"1,000"
20260912-0014,2,2026/09/12 12:29,T8,1,佐藤,D001,ご飯大盛,サイド,100,1,100,0,QRコード決済,"1,000"
20260912-0015,1,2026/09/12 12:33,C6,1,佐藤,A001,からあげ定食,定食,950,1,950,0,クレジットカード,950
20260912-0016,1,2026/09/12 12:34,T8,1,佐藤,A005,日替わり定食,定食,900,1,900,0,現金,900
20260912-0017,1,2026/09/12 12:44,T7,2,鈴木,A001,からあげ定食,定食,950,1,950,0,クレジットカード,"1,900"
20260912-0017,2,2026/09/12 12:44,T7,2,鈴木,B002,カツ丼,丼,950,1,950,0,クレジットカード,"1,900"
20260912-0018,1,2026/09/12 12:44,C2,1,宮古,A001,からあげ定食,定食,950,1,950,0,現金,950
20260912-0019,1,2026/09/12 12:51,T2,4,高橋,A003,さば味噌定食,定食,1000,1,"1,000",0,クレジットカード,"3,950"
20260912-0019,2,2026/09/12 12:51,T2,4,高橋,A005,日替わり定食,定食,900,3,"2,700",0,クレジットカード,"3,950"
20260912-0019,3,2026/09/12 12:51,T2,4,高橋,F003,ウーロン茶,ドリンク,250,1,250,0,クレジットカード,"3,950"
20260912-0020,1,2026/09/12 12:52,T7,2,鈴木,A004,ハンバーグ定食,定食,1000,2,"2,000",0,QRコード決済,"2,000"
20260912-0021,1,2026/09/12 12:58,T6,1,佐藤,B002,カツ丼,丼,950,1,950,0,現金,950
20260912-0022,1,2026/09/12 13:01,T5,2,鈴木,L901,さんま定食,定食,1100,1,"1,100",0,QRコード決済,"2,150"
20260912-0022,2,2026/09/12 13:01,T5,2,鈴木,A001,からあげ定食,定食,950,1,950,0,QRコード決済,"2,150"
20260912-0022,3,2026/09/12 13:01,T5,2,鈴木,D001,ご飯大盛,サイド,100,1,100,0,QRコード決済,"2,150"
20260912-0023,1,2026/09/12 13:05,T2,3,佐藤,B002,カツ丼,丼,950,1,950,0,QRコード決済,"2,700"
20260912-0023,2,2026/09/12 13:05,T2,3,佐藤,C001,ざるそば,麺,750,1,750,0,QRコード決済,"2,700"
20260912-0023,3,2026/09/12 13:05,T2,3,佐藤,A004,ハンバーグ定食,定食,1000,1,"1,000",0,QRコード決済,"2,700"
20260912-0024,1,2026/09/12 13:10,C3,1,佐藤,L901,さんま定食,定食,1100,1,"1,100",0,現金,"1,200"
20260912-0024,2,2026/09/12 13:10,C3,1,佐藤,D001,ご飯大盛,サイド,100,1,100,0,現金,"1,200"
20260912-0025,1,2026/09/12 13:12,T8,2,佐藤,A002,生姜焼き定食,定食,1000,1,"1,000",0,現金,"2,000"
20260912-0025,2,2026/09/12 13:12,T8,2,佐藤,A004,ハンバーグ定食,定食,1000,1,"1,000",0,現金,"2,000"
20260912-0026,1,2026/09/12 13:24,T1,4,高橋,A004,ハンバーグ定食,定食,1000,1,"1,000",0,現金,"3,800"
20260912-0026,2,2026/09/12 13:24,T1,4,高橋,C001,ざるそば,麺,750,1,750,0,現金,"3,800"
20260912-0026,3,2026/09/12 13:24,T1,4,高橋,A001,からあげ定食,定食,950,1,950,0,現金,"3,800"
20260912-0026,4,2026/09/12 13:24,T1,4,高橋,A002,生姜焼き定食,定食,1000,1,"1,000",0,現金,"3,800"
20260912-0026,5,2026/09/12 13:24,T1,4,高橋,D001,ご飯大盛,サイド,100,1,100,0,現金,"3,800"
20260912-0027,1,2026/09/12 13:44,T7,1,高橋,A002,生姜焼き定食,定食,1000,1,"1,000",0,現金,"1,000"
20260912-0028,1,2026/09/12 13:53,T5,2,佐藤,A004,ハンバーグ定食,定食,1000,1,"1,000",0,QRコード決済,"2,000"
20260912-0028,2,2026/09/12 13:53,T5,2,佐藤,A003,さば味噌定食,定食,1000,1,"1,000",0,QRコード決済,"2,000"
20260912-0029,1,2026/09/12 14:01,T2,3,佐藤,A001,からあげ定食,定食,950,2,"1,900",0,現金,"2,900"
20260912-0029,2,2026/09/12 14:01,T2,3,佐藤,A004,ハンバーグ定食,定食,1000,1,"1,000",0,現金,"2,900"
20260912-0030,1,2026/09/12 14:22,T8,2,佐藤,A002,生姜焼き定食,定食,1000,1,"1,000",0,QRコード決済,"1,850"
20260912-0030,2,2026/09/12 14:22,T8,2,佐藤,B001,親子丼,丼,850,1,850,0,QRコード決済,"1,850"
20260912-0031,1,2026/09/12 17:41,T3,3,佐藤,L901,さんま定食,定食,1100,1,"1,100",0,クレジットカード,"5,610"
20260912-0031,2,2026/09/12 17:41,T3,3,佐藤,A002,生姜焼き定食,定食,1000,1,"1,000",0,クレジットカード,"5,610"
20260912-0031,3,2026/09/12 17:41,T3,3,佐藤,C001,ざるそば,麺,750,1,750,0,クレジットカード,"5,610"
20260912-0031,4,2026/09/12 17:41,T3,3,佐藤,F001,生ビール,ドリンク,600,2,"1,200",0,クレジットカード,"5,610"
20260912-0031,5,2026/09/12 17:41,T3,3,佐藤,F002,ハイボール,ドリンク,480,1,480,0,クレジットカード,"5,610"
20260912-0031,6,2026/09/12 17:41,T3,3,佐藤,F001,生ビール,ドリンク,600,1,600,0,クレジットカード,"5,610"
20260912-0031,7,2026/09/12 17:41,T3,3,佐藤,F002,ハイボール,ドリンク,480,1,480,0,クレジットカード,"5,610"
20260912-0032,1,2026/09/12 17:43,T7,2,佐藤,A002,生姜焼き定食,定食,1000,1,"1,000",0,現金,"3,690"
20260912-0032,2,2026/09/12 17:43,T7,2,佐藤,F002,ハイボール,ドリンク,480,1,480,0,現金,"3,690"
20260912-0032,3,2026/09/12 17:43,T7,2,佐藤,F003,ウーロン茶,ドリンク,250,1,250,0,現金,"3,690"
20260912-0032,4,2026/09/12 17:43,T7,2,佐藤,E003,ポテトサラダ,一品,380,1,380,0,現金,"3,690"
20260912-0032,5,2026/09/12 17:43,T7,2,佐藤,E002,唐揚げ（単品）,一品,500,1,500,0,現金,"3,690"
20260912-0032,6,2026/09/12 17:43,T7,2,佐藤,F002,ハイボール,ドリンク,480,1,480,0,現金,"3,690"
20260912-0032,7,2026/09/12 17:43,T7,2,佐藤,F001,生ビール,ドリンク,600,1,600,0,現金,"3,690"
20260912-0033,1,2026/09/12 17:58,T8,2,宮古,A001,からあげ定食,定食,950,1,950,0,現金,"2,480"
20260912-0033,2,2026/09/12 17:58,T8,2,宮古,F002,ハイボール,ドリンク,480,1,480,0,現金,"2,480"
20260912-0033,3,2026/09/12 17:58,T8,2,宮古,F003,ウーロン茶,ドリンク,250,1,250,0,現金,"2,480"
20260912-0033,4,2026/09/12 17:58,T8,2,宮古,E002,唐揚げ（単品）,一品,500,1,500,0,現金,"2,480"
20260912-0033,5,2026/09/12 17:58,T8,2,宮古,E001,冷奴,一品,300,1,300,0,現金,"2,480"
20260912-0034,1,2026/09/12 17:58,C4,1,宮古,L901,さんま定食,定食,1100,1,"1,100",0,クレジットカード,"2,080"
20260912-0034,2,2026/09/12 17:58,C4,1,宮古,F002,ハイボール,ドリンク,480,1,480,0,クレジットカード,"2,080"
20260912-0034,3,2026/09/12 17:58,C4,1,宮古,E002,唐揚げ（単品）,一品,500,1,500,0,クレジットカード,"2,080"
20260912-0035,1,2026/09/12 18:02,T2,4,佐藤,C001,ざるそば,麺,750,1,750,0,クレジットカード,"5,100"
20260912-0035,2,2026/09/12 18:02,T2,4,佐藤,A002,生姜焼き定食,定食,1000,2,"2,000",0,クレジットカード,"5,100"
20260912-0035,3,2026/09/12 18:02,T2,4,佐藤,F001,生ビール,ドリンク,600,3,"1,800",0,クレジットカード,"5,100"
20260912-0035,4,2026/09/12 18:02,T2,4,佐藤,F003,ウーロン茶,ドリンク,250,1,250,0,クレジットカード,"5,100"
20260912-0035,5,2026/09/12 18:02,T2,4,佐藤,E001,冷奴,一品,300,1,300,0,クレジットカード,"5,100"
20260912-0036,1,2026/09/12 18:17,T7,1,佐藤,A004,ハンバーグ定食,定食,1000,1,"1,000",0,QRコード決済,"1,900"
20260912-0036,2,2026/09/12 18:17,T7,1,佐藤,F001,生ビール,ドリンク,600,1,600,0,QRコード決済,"1,900"
20260912-0036,3,2026/09/12 18:17,T7,1,佐藤,E001,冷奴,一品,300,1,300,0,QRコード決済,"1,900"
20260912-0037,1,2026/09/12 18:18,C1,1,鈴木,A001,からあげ定食,定食,950,1,950,0,QRコード決済,"2,150"
20260912-0037,2,2026/09/12 18:18,C1,1,鈴木,F001,生ビール,ドリンク,600,1,600,0,QRコード決済,"2,150"
20260912-0037,3,2026/09/12 18:18,C1,1,鈴木,F001,生ビール,ドリンク,600,1,600,0,QRコード決済,"2,150"
20260912-0038,1,2026/09/12 18:37,T7,2,佐藤,A003,さば味噌定食,定食,1000,1,"1,000",0,現金,"3,440"
20260912-0038,2,2026/09/12 18:37,T7,2,佐藤,F001,生ビール,ドリンク,600,1,600,0,現金,"3,440"
20260912-0038,3,2026/09/12 18:37,T7,2,佐藤,F002,ハイボール,ドリンク,480,1,480,0,現金,"3,440"
20260912-0038,4,2026/09/12 18:37,T7,2,佐藤,E002,唐揚げ（単品）,一品,500,1,500,0,現金,"3,440"
20260912-0038,5,2026/09/12 18:37,T7,2,佐藤,E003,ポテトサラダ,一品,380,1,380,0,現金,"3,440"
20260912-0038,6,2026/09/12 18:37,T7,2,佐藤,F002,ハイボール,ドリンク,480,1,480,0,現金,"3,440"
20260912-0039,1,2026/09/12 18:41,T4,3,佐藤,A003,さば味噌定食,定食,1000,1,"1,000",0,クレジットカード,"5,430"
20260912-0039,2,2026/09/12 18:41,T4,3,佐藤,A005,日替わり定食,定食,900,1,900,0,クレジットカード,"5,430"
20260912-0039,3,2026/09/12 18:41,T4,3,佐藤,F001,生ビール,ドリンク,600,2,"1,200",0,クレジットカード,"5,430"
20260912-0039,4,2026/09/12 18:41,T4,3,佐藤,F003,ウーロン茶,ドリンク,250,1,250,0,クレジットカード,"5,430"
20260912-0039,5,2026/09/12 18:41,T4,3,佐藤,E003,ポテトサラダ,一品,380,1,380,0,クレジットカード,"5,430"
20260912-0039,6,2026/09/12 18:41,T4,3,佐藤,E002,唐揚げ（単品）,一品,500,1,500,0,クレジットカード,"5,430"
20260912-0039,7,2026/09/12 18:41,T4,3,佐藤,F001,生ビール,ドリンク,600,1,600,0,クレジットカード,"5,430"
20260912-0039,8,2026/09/12 18:41,T4,3,佐藤,F001,生ビール,ドリンク,600,1,600,0,クレジットカード,"5,430"
20260912-0040,1,2026/09/12 18:49,T4,3,高橋,B001,親子丼,丼,850,2,"1,700",0,QRコード決済,"3,680"
20260912-0040,2,2026/09/12 18:49,T4,3,高橋,F001,生ビール,ドリンク,600,2,"1,200",0,QRコード決済,"3,680"
20260912-0040,3,2026/09/12 18:49,T4,3,高橋,F002,ハイボール,ドリンク,480,1,480,0,QRコード決済,"3,680"
20260912-0040,4,2026/09/12 18:49,T4,3,高橋,E001,冷奴,一品,300,1,300,0,QRコード決済,"3,680"
20260912-0041,1,2026/09/12 18:55,T3,3,鈴木,A004,ハンバーグ定食,定食,1000,1,"1,000",0,現金,"4,710"
20260912-0041,2,2026/09/12 18:55,T3,3,鈴木,F001,生ビール,ドリンク,600,2,"1,200",0,現金,"4,710"
20260912-0041,3,2026/09/12 18:55,T3,3,鈴木,F003,ウーロン茶,ドリンク,250,1,250,0,現金,"4,710"
20260912-0041,4,2026/09/12 18:55,T3,3,鈴木,E001,冷奴,一品,300,1,300,0,現金,"4,710"
20260912-0041,5,2026/09/12 18:55,T3,3,鈴木,E003,ポテトサラダ,一品,380,1,380,0,現金,"4,710"
20260912-0041,6,2026/09/12 18:55,T3,3,鈴木,E002,唐揚げ（単品）,一品,500,1,500,0,現金,"4,710"
20260912-0041,7,2026/09/12 18:55,T3,3,鈴木,F001,生ビール,ドリンク,600,1,600,0,現金,"4,710"
20260912-0041,8,2026/09/12 18:55,T3,3,鈴木,F002,ハイボール,ドリンク,480,1,480,0,現金,"4,710"
20260912-0042,1,2026/09/12 18:58,T6,2,鈴木,B002,カツ丼,丼,950,1,950,0,QRコード決済,"5,310"
20260912-0042,2,2026/09/12 18:58,T6,2,鈴木,A005,日替わり定食,定食,900,1,900,0,QRコード決済,"5,310"
20260912-0042,3,2026/09/12 18:58,T6,2,鈴木,F001,生ビール,ドリンク,600,2,"1,200",0,QRコード決済,"5,310"
20260912-0042,4,2026/09/12 18:58,T6,2,鈴木,E003,ポテトサラダ,一品,380,1,380,0,QRコード決済,"5,310"
20260912-0042,5,2026/09/12 18:58,T6,2,鈴木,E001,冷奴,一品,300,1,300,0,QRコード決済,"5,310"
20260912-0042,6,2026/09/12 18:58,T6,2,鈴木,E002,唐揚げ（単品）,一品,500,1,500,0,QRコード決済,"5,310"
20260912-0042,7,2026/09/12 18:58,T6,2,鈴木,F001,生ビール,ドリンク,600,1,600,0,QRコード決済,"5,310"
20260912-0042,8,2026/09/12 18:58,T6,2,鈴木,F002,ハイボール,ドリンク,480,1,480,0,QRコード決済,"5,310"
20260912-0043,1,2026/09/12 19:01,T8,2,佐藤,C001,ざるそば,麺,750,1,750,0,現金,"4,010"
20260912-0043,2,2026/09/12 19:01,T8,2,佐藤,A004,ハンバーグ定食,定食,1000,1,"1,000",0,現金,"4,010"
20260912-0043,3,2026/09/12 19:01,T8,2,佐藤,F001,生ビール,ドリンク,600,1,600,0,現金,"4,010"
20260912-0043,4,2026/09/12 19:01,T8,2,佐藤,F002,ハイボール,ドリンク,480,1,480,0,現金,"4,010"
20260912-0043,5,2026/09/12 19:01,T8,2,佐藤,E002,唐揚げ（単品）,一品,500,1,500,0,現金,"4,010"
20260912-0043,6,2026/09/12 19:01,T8,2,佐藤,E001,冷奴,一品,300,1,300,0,現金,"4,010"
20260912-0043,7,2026/09/12 19:01,T8,2,佐藤,E003,ポテトサラダ,一品,380,1,380,0,現金,"4,010"
20260912-0044,1,2026/09/12 19:06,T7,1,鈴木,A004,ハンバーグ定食,定食,1000,1,"1,000",0,クレジットカード,"2,380"
20260912-0044,2,2026/09/12 19:06,T7,1,鈴木,F001,生ビール,ドリンク,600,1,600,0,クレジットカード,"2,380"
20260912-0044,3,2026/09/12 19:06,T7,1,鈴木,E001,冷奴,一品,300,1,300,0,クレジットカード,"2,380"
20260912-0044,4,2026/09/12 19:06,T7,1,鈴木,F002,ハイボール,ドリンク,480,1,480,0,クレジットカード,"2,380"
20260912-0045,1,2026/09/12 19:13,T1,3,高橋,C001,ざるそば,麺,750,1,750,0,現金,"5,170"
20260912-0045,2,2026/09/12 19:13,T1,3,高橋,L901,さんま定食,定食,1100,1,"1,100",0,現金,"5,170"
20260912-0045,3,2026/09/12 19:13,T1,3,高橋,F001,生ビール,ドリンク,600,1,600,0,現金,"5,170"
20260912-0045,4,2026/09/12 19:13,T1,3,高橋,F002,ハイボール,ドリンク,480,2,960,0,現金,"5,170"
20260912-0045,5,2026/09/12 19:13,T1,3,高橋,E003,ポテトサラダ,一品,380,1,380,0,現金,"5,170"
20260912-0045,6,2026/09/12 19:13,T1,3,高橋,E001,冷奴,一品,300,1,300,0,現金,"5,170"
20260912-0045,7,2026/09/12 19:13,T1,3,高橋,F001,生ビール,ドリンク,600,1,600,0,現金,"5,170"
20260912-0045,8,2026/09/12 19:13,T1,3,高橋,F002,ハイボール,ドリンク,480,1,480,0,現金,"5,170"
20260912-0046,1,2026/09/12 19:29,T8,2,佐藤,L901,さんま定食,定食,1100,1,"1,100",0,現金,"3,250"
20260912-0046,2,2026/09/12 19:29,T8,2,佐藤,A002,生姜焼き定食,定食,1000,1,"1,000",0,現金,"3,250"
20260912-0046,3,2026/09/12 19:29,T8,2,佐藤,F001,生ビール,ドリンク,600,1,600,0,現金,"3,250"
20260912-0046,4,2026/09/12 19:29,T8,2,佐藤,F003,ウーロン茶,ドリンク,250,1,250,0,現金,"3,250"
20260912-0046,5,2026/09/12 19:29,T8,2,佐藤,E001,冷奴,一品,300,1,300,0,現金,"3,250"
20260912-0047,1,2026/09/12 19:31,T4,4,佐藤,A005,日替わり定食,定食,900,1,900,0,クレジットカード,"4,230"
20260912-0047,2,2026/09/12 19:31,T4,4,佐藤,C001,ざるそば,麺,750,1,750,0,クレジットカード,"4,230"
20260912-0047,3,2026/09/12 19:31,T4,4,佐藤,F001,生ビール,ドリンク,600,3,"1,800",0,クレジットカード,"4,230"
20260912-0047,4,2026/09/12 19:31,T4,4,佐藤,F002,ハイボール,ドリンク,480,1,480,0,クレジットカード,"4,230"
20260912-0047,5,2026/09/12 19:31,T4,4,佐藤,E001,冷奴,一品,300,1,300,0,クレジットカード,"4,230"
20260912-0048,1,2026/09/12 19:32,T2,3,佐藤,A003,さば味噌定食,定食,1000,1,"1,000",0,クレジットカード,"2,430"
20260912-0048,2,2026/09/12 19:32,T2,3,佐藤,F003,ウーロン茶,ドリンク,250,3,750,0,クレジットカード,"2,430"
20260912-0048,3,2026/09/12 19:32,T2,3,佐藤,E003,ポテトサラダ,一品,380,1,380,0,クレジットカード,"2,430"
20260912-0048,4,2026/09/12 19:32,T2,3,佐藤,E001,冷奴,一品,300,1,300,0,クレジットカード,"2,430"
20260912-0049,1,2026/09/12 19:35,T3,3,高橋,L901,さんま定食,定食,1100,1,"1,100",0,クレジットカード,"3,350"
20260912-0049,2,2026/09/12 19:35,T3,3,高橋,F001,生ビール,ドリンク,600,2,"1,200",0,クレジットカード,"3,350"
20260912-0049,3,2026/09/12 19:35,T3,3,高橋,F003,ウーロン茶,ドリンク,250,1,250,0,クレジットカード,"3,350"
20260912-0049,4,2026/09/12 19:35,T3,3,高橋,E002,唐揚げ（単品）,一品,500,1,500,0,クレジットカード,"3,350"
20260912-0049,5,2026/09/12 19:35,T3,3,高橋,E001,冷奴,一品,300,1,300,0,クレジットカード,"3,350"
20260912-0050,1,2026/09/12 19:35,C3,1,鈴木,A001,からあげ定食,定食,950,1,950,0,クレジットカード,"1,930"
20260912-0050,2,2026/09/12 19:35,C3,1,鈴木,F001,生ビール,ドリンク,600,1,600,0,クレジットカード,"1,930"
20260912-0050,3,2026/09/12 19:35,C3,1,鈴木,E003,ポテトサラダ,一品,380,1,380,0,クレジットカード,"1,930"
20260912-0051,1,2026/09/12 19:41,T1,4,佐藤,A001,からあげ定食,定食,950,2,"1,900",0,現金,"6,530"
20260912-0051,2,2026/09/12 19:41,T1,4,佐藤,A003,さば味噌定食,定食,1000,1,"1,000",0,現金,"6,530"
20260912-0051,3,2026/09/12 19:41,T1,4,佐藤,F001,生ビール,ドリンク,600,3,"1,800",0,現金,"6,530"
20260912-0051,4,2026/09/12 19:41,T1,4,佐藤,F003,ウーロン茶,ドリンク,250,1,250,0,現金,"6,530"
20260912-0051,5,2026/09/12 19:41,T1,4,佐藤,E003,ポテトサラダ,一品,380,1,380,0,現金,"6,530"
20260912-0051,6,2026/09/12 19:41,T1,4,佐藤,F001,生ビール,ドリンク,600,1,600,0,現金,"6,530"
20260912-0051,7,2026/09/12 19:41,T1,4,佐藤,F001,生ビール,ドリンク,600,1,600,0,現金,"6,530"
20260912-0052,1,2026/09/12 19:43,T6,1,鈴木,A001,からあげ定食,定食,950,1,950,0,クレジットカード,"2,770"
20260912-0052,2,2026/09/12 19:43,T6,1,鈴木,F002,ハイボール,ドリンク,480,1,480,0,クレジットカード,"2,770"
20260912-0052,3,2026/09/12 19:43,T6,1,鈴木,E003,ポテトサラダ,一品,380,1,380,0,クレジットカード,"2,770"
20260912-0052,4,2026/09/12 19:43,T6,1,鈴木,F002,ハイボール,ドリンク,480,1,480,0,クレジットカード,"2,770"
20260912-0052,5,2026/09/12 19:43,T6,1,鈴木,F002,ハイボール,ドリンク,480,1,480,0,クレジットカード,"2,770"
20260912-0053,1,2026/09/12 19:57,T5,1,佐藤,A003,さば味噌定食,定食,1000,1,"1,000",0,クレジットカード,"2,780"
20260912-0053,2,2026/09/12 19:57,T5,1,佐藤,F001,生ビール,ドリンク,600,1,600,0,クレジットカード,"2,780"
20260912-0053,3,2026/09/12 19:57,T5,1,佐藤,E002,唐揚げ（単品）,一品,500,1,500,0,クレジットカード,"2,780"
20260912-0053,4,2026/09/12 19:57,T5,1,佐藤,E003,ポテトサラダ,一品,380,1,380,0,クレジットカード,"2,780"
20260912-0053,5,2026/09/12 19:57,T5,1,佐藤,E001,冷奴,一品,300,1,300,0,クレジットカード,"2,780"
20260912-0054,1,2026/09/12 19:57,T7,2,佐藤,A003,さば味噌定食,定食,1000,1,"1,000",0,クレジットカード,"3,300"
20260912-0054,2,2026/09/12 19:57,T7,2,佐藤,F001,生ビール,ドリンク,600,2,"1,200",0,クレジットカード,"3,300"
20260912-0054,3,2026/09/12 19:57,T7,2,佐藤,E002,唐揚げ（単品）,一品,500,1,500,0,クレジットカード,"3,300"
20260912-0054,4,2026/09/12 19:57,T7,2,佐藤,F001,生ビール,ドリンク,600,1,600,0,クレジットカード,"3,300"
20260912-0055,1,2026/09/12 19:59,T3,3,高橋,B001,親子丼,丼,850,1,850,0,クレジットカード,"5,310"
20260912-0055,2,2026/09/12 19:59,T3,3,高橋,A005,日替わり定食,定食,900,1,900,0,クレジットカード,"5,310"
20260912-0055,3,2026/09/12 19:59,T3,3,高橋,F001,生ビール,ドリンク,600,2,"1,200",0,クレジットカード,"5,310"
20260912-0055,4,2026/09/12 19:59,T3,3,高橋,F002,ハイボール,ドリンク,480,1,480,0,クレジットカード,"5,310"
20260912-0055,5,2026/09/12 19:59,T3,3,高橋,E001,冷奴,一品,300,1,300,0,クレジットカード,"5,310"
20260912-0055,6,2026/09/12 19:59,T3,3,高橋,E003,ポテトサラダ,一品,380,1,380,0,クレジットカード,"5,310"
20260912-0055,7,2026/09/12 19:59,T3,3,高橋,F001,生ビール,ドリンク,600,1,600,0,クレジットカード,"5,310"
20260912-0055,8,2026/09/12 19:59,T3,3,高橋,F001,生ビール,ドリンク,600,1,600,0,クレジットカード,"5,310"
20260912-0056,1,2026/09/12 20:00,T2,4,高橋,C001,ざるそば,麺,750,1,750,0,クレジットカード,"4,330"
20260912-0056,2,2026/09/12 20:00,T2,4,高橋,A004,ハンバーグ定食,定食,1000,1,"1,000",0,クレジットカード,"4,330"
20260912-0056,3,2026/09/12 20:00,T2,4,高橋,F001,生ビール,ドリンク,600,3,"1,800",0,クレジットカード,"4,330"
20260912-0056,4,2026/09/12 20:00,T2,4,高橋,F002,ハイボール,ドリンク,480,1,480,0,クレジットカード,"4,330"
20260912-0056,5,2026/09/12 20:00,T2,4,高橋,E001,冷奴,一品,300,1,300,0,クレジットカード,"4,330"
20260912-0057,1,2026/09/12 20:11,T7,2,佐藤,A005,日替わり定食,定食,900,1,900,0,現金,"3,310"
20260912-0057,2,2026/09/12 20:11,T7,2,佐藤,A001,からあげ定食,定食,950,1,950,0,現金,"3,310"
20260912-0057,3,2026/09/12 20:11,T7,2,佐藤,F001,生ビール,ドリンク,600,1,600,0,現金,"3,310"
20260912-0057,4,2026/09/12 20:11,T7,2,佐藤,F002,ハイボール,ドリンク,480,1,480,0,現金,"3,310"
20260912-0057,5,2026/09/12 20:11,T7,2,佐藤,E003,ポテトサラダ,一品,380,1,380,0,現金,"3,310"
20260912-0058,1,2026/09/12 20:22,C2,1,佐藤,A004,ハンバーグ定食,定食,1000,1,"1,000",0,クレジットカード,"2,630"
20260912-0058,2,2026/09/12 20:22,C2,1,佐藤,F003,ウーロン茶,ドリンク,250,1,250,0,クレジットカード,"2,630"
20260912-0058,3,2026/09/12 20:22,C2,1,佐藤,E001,冷奴,一品,300,1,300,0,クレジットカード,"2,630"
20260912-0058,4,2026/09/12 20:22,C2,1,佐藤,F001,生ビール,ドリンク,600,1,600,0,クレジットカード,"2,630"
20260912-0058,5,2026/09/12 20:22,C2,1,佐藤,F002,ハイボール,ドリンク,480,1,480,0,クレジットカード,"2,630"
